Workbook

Sheet Instrukcja
A1: Model premiowania – premie per milestone (z limitem puli)
A3: Założenie kluczowe
A4: Suma wypłat dla danego milestone nigdy nie przekracza 100% puli (może być mniej). Podział puli jest proporcjonalny do wkładu ważonego.
A6: Wzór
A7: Wkład_ważony = Udział_czasowy × Waga_roli × Faktor_wkładu
A8: Premia = Pula_milestone × Efektywny_mnożnik × (Wkład_ważony / Suma_wkładów) — z zaokrągleniem w dół do 2 miejsc (żeby nie przekroczyć puli).
A14: 🔒 Arkusz 'Projekty' jest chroniony hasłem: premie.
A15: 📌 KPI są wyłącznie w 'Milestones' (Termin/Budżet/Jakość/Ryzyko + Mnożnik_milestone).

Sheet Ustawienia
A1: Parametry
D2: Role i wagi | H2: Mapowanie oceny wkładu (1–5) → faktor
A3: Min mnożnik etapu | B3: 0.7 | D3: Rola | E3: Waga_roli | F3: Opis | H3: Ocena | I3: Faktor
A4: Max mnożnik etapu | B4: 1.3 | D4: Lider projektu / Architekt | E4: 1.25 | F4: Kluczowe decyzje, odpowiedzialność za integrację | H4: 1 | I4: 0.8
D5: Senior | E5: 1.1 | F5: Duży wpływ techniczny, mentoring | H5: 2 | I5: 0.9
D6: Specjalista | E6: 1 | F6: Standardowy wkład | H6: 3 | I6: 1
A7: Wagi KPI (suma=1) | D7: Junior | E7: 0.85 | F7: Wkład pod nadzorem | H7: 4 | I7: 1.1
A8: Termin | B8: 0.3 | D8: Tester/QA | E8: 1 | F8: Jakość i kryteria akceptacji | H8: 5 | I8: 1.2
A9: Budżet | B9: 0.3 | D9: Inż. elektroniki | E9: 1.1 | F9: Projektowanie, uruchomienia, EMC
A10: Jakość | B10: 0.25 | D10: Inż. firmware | E10: 1.15 | F10: Sterowniki, RTOS, bezpieczeństwo
A11: Ryzyko (im mniej tym lepiej) | B11: 0.15 | D11: Inż. oprogramowania | E11: 1.05 | F11: Backend/frontend, integracje

Sheet Pracownicy
A1: Employee_ID | B1: Imię i nazwisko | C1: Dział | D1: Rola | E1: Poziom NIEPOTRZEBNE | F1: Waga_roli | G1: Uwagi
A2: E-001 | B2: Tymoteusz Mądry | C2: R&D | D2: Specjalista | E2: S | F2: =IFERROR(_xlfn.XLOOKUP(D2,Ustawienia!$D$4:$D$100,Ustawienia!$E$4:$E$100),"") -> 1
A3: E-002 | B3: Albert Giza | C3: R&D | D3: Lider projektu / Architekt | E3: S | F3: =IFERROR(_xlfn.XLOOKUP(D3,Ustawienia!$D$4:$D$100,Ustawienia!$E$4:$E$100),"") -> 1.25
A4: E-003 | B4: Jan Kochanowski | C4: R&D | D4: Senior | E4: S | F4: =IFERROR(_xlfn.XLOOKUP(D4,Ustawienia!$D$4:$D$100,Ustawienia!$E$4:$E$100),"") -> 1.1
F5: =IFERROR(_xludf.XLOOKUP(D5,Ustawienia!$D$4:$D$100,Ustawienia!$E$4:$E$100),"")
F6: =IFERROR(_xludf.XLOOKUP(D6,Ustawienia!$D$4:$D$100,Ustawienia!$E$4:$E$100),"")
F7: =IFERROR(_xludf.XLOOKUP(D7,Ustawienia!$D$4:$D$100,Ustawienia!$E$4:$E$100),"")
F8: =IFERROR(_xludf.XLOOKUP(D8,Ustawienia!$D$4:$D$100,Ustawienia!$E$4:$E$100),"")
F9: =IFERROR(_xludf.XLOOKUP(D9,Ustawienia!$D$4:$D$100,Ustawienia!$E$4:$E$100),"")
F10: =IFERROR(_xludf.XLOOKUP(D10,Ustawienia!$D$4:$D$100,Ustawienia!$E$4:$E$100),"")
F11: =IFERROR(_xludf.XLOOKUP(D11,Ustawienia!$D$4:$D$100,Ustawienia!$E$4:$E$100),"")
F12: =IFERROR(_xludf.XLOOKUP(D12,Ustawienia!$D$4:$D$100,Ustawienia!$E$4:$E$100),"")
F13: =IFERROR(_xludf.XLOOKUP(D13,Ustawienia!$D$4:$D$100,Ustawienia!$E$4:$E$100),"")
F14: =IFERROR(_xludf.XLOOKUP(D14,Ustawienia!$D$4:$D$100,Ustawienia!$E$4:$E$100),"")
F15: =IFERROR(_xludf.XLOOKUP(D15,Ustawienia!$D$4:$D$100,Ustawienia!$E$4:$E$100),"")
F16: =IFERROR(_xludf.XLOOKUP(D16,Ustawienia!$D$4:$D$100,Ustawienia!$E$4:$E$100),"")
... F501: =IFERROR(_xludf.XLOOKUP(D501,Ustawienia!$D$4:$D$100,Ustawienia!$E$4:$E$100),"")

Sheet Projekty
A1: Project_ID | B1: Nazwa | C1: Okres_od | D1: Okres_do | E1: Status | F1: Uwagi
A2: RD-093 | B2: RD-093: Mikrowiązka v2 | C2: 2026-06-01 | D2: 2026-09-30 | E2: W trakcie | F2: Przykład
E3: Plan

Sheet Milestones
A1: Milestone_ID | B1: Project_ID | C1: Nazwa milestone | D1: Data_od | E1: Data_do | F1: Pula_premii_milestone_PLN | G1: Status | H1: Uwagi | I1: Termin_0-100 | J1: Budżet_0-100 | K1: Jakość_0-100 | L1: Ryzyko_0-100 | M1: Mnożnik_milestone
A2: MS-001 | B2: RD-093 | C2: M1: Analiza Polikapilara | D2: 46082 | E2: 2026-06-31 | F2: 3000 | G2: W trakcie | H2: nowy produkt | I2: 50 | J2: 100 | K2: 100 | L2: 100 | M2: =IF(OR(I2="",J2="",K2="",L2=""),"",MAX(Ustawienia!$B$3,MIN(Ustawienia!$B$4,Ustawienia!$B$3+(Ustawienia!$B$8*(I2/100)+Ustawienia!$B$9*(J2/100)+Ustawienia!$B$10*(K2/100)+Ustawienia!$B$11*(1-L2/100))*(Ustawienia!$B$4-Ustawienia!$B$3)))) -> 1.12
A3: MS-002 | B3: RD-093 | C3: M2: źródło PV | D3: 2026-07-16 | E3: 2026-08-31 | F3: 10000 | G3: W trakcie | H3: konstrukcja +testy | I3: 10 | J3: 10 | K3: 10 | L3: 20 | M3: =IF(OR(I3="",J3="",K3="",L3=""),"",MAX(Ustawienia!$B$3,MIN(Ustawienia!$B$4,Ustawienia!$B$3+(Ustawienia!$B$8*(I3/100)+Ustawienia!$B$9*(J3/100)+Ustawienia!$B$10*(K3/100)+Ustawienia!$B$11*(1-L3/100))*(Ustawienia!$B$4-Ustawienia!$B$3)))) -> 0.823
A4: MS-003 | B4: RD-093 | C4: M3: zasilacz do źródła | D4: 46113 | E4: 2026-06-31 | F4: 3000 | G4: W trakcie | H4: konstrukcja elektroniczna + oprogramowanie | M4: =IF(OR(I4="",J4="",K4="",L4=""),"",MAX(Ustawienia!$B$3,MIN(Ustawienia!$B$4,Ustawienia!$B$3+(Ustawienia!$B$8*(I4/100)+Ustawienia!$B$9*(J4/100)+Ustawienia!$B$10*(K4/100)+Ustawienia!$B$11*(1-L4/100))*(Ustawienia!$B$4-Ustawienia!$B$3))))
M5: =IF(OR(I5="",J5="",K5="",L5=""),"",MAX(Ustawienia!$B$3,MIN(Ustawienia!$B$4,Ustawienia!$B$3+(Ustawienia!$B$8*(I5/100)+Ustawienia!$B$9*(J5/100)+Ustawienia!$B$10*(K5/100)+Ustawienia!$B$11*(1-L5/100))*(Ustawienia!$B$4-Ustawienia!$B$3))))
M6: =IF(OR(I6="",J6="",K6="",L6=""),"",MAX(Ustawienia!$B$3,MIN(Ustawienia!$B$4,Ustawienia!$B$3+(Ustawienia!$B$8*(I6/100)+Ustawienia!$B$9*(J6/100)+Ustawienia!$B$10*(K6/100)+Ustawienia!$B$11*(1-L6/100))*(Ustawienia!$B$4-Ustawienia!$B$3))))
M7: =IF(OR(I7="",J7="",K7="",L7=""),"",MAX(Ustawienia!$B$3,MIN(Ustawienia!$B$4,Ustawienia!$B$3+(Ustawienia!$B$8*(I7/100)+Ustawienia!$B$9*(J7/100)+Ustawienia!$B$10*(K7/100)+Ustawienia!$B$11*(1-L7/100))*(Ustawienia!$B$4-Ustawienia!$B$3))))
M8: =IF(OR(I8="",J8="",K8="",L8=""),"",MAX(Ustawienia!$B$3,MIN(Ustawienia!$B$4,Ustawienia!$B$3+(Ustawienia!$B$8*(I8/100)+Ustawienia!$B$9*(J8/100)+Ustawienia!$B$10*(K8/100)+Ustawienia!$B$11*(1-L8/100))*(Ustawienia!$B$4-Ustawienia!$B$3))))
M9: =IF(OR(I9="",J9="",K9="",L9=""),"",MAX(Ustawienia!$B$3,MIN(Ustawienia!$B$4,Ustawienia!$B$3+(Ustawienia!$B$8*(I9/100)+Ustawienia!$B$9*(J9/100)+Ustawienia!$B$10*(K9/100)+Ustawienia!$B$11*(1-L9/100))*(Ustawienia!$B$4-Ustawienia!$B$3))))
M10: =IF(OR(I10="",J10="",K10="",L10=""),"",MAX(Ustawienia!$B$3,MIN(Ustawienia!$B$4,Ustawienia!$B$3+(Ustawienia!$B$8*(I10/100)+Ustawienia!$B$9*(J10/100)+Ustawienia!$B$10*(K10/100)+Ustawienia!$B$11*(1-L10/100))*(Ustawienia!$B$4-Ustawienia!$B$3))))
M11: =IF(OR(I11="",J11="",K11="",L11=""),"",MAX(Ustawienia!$B$3,MIN(Ustawienia!$B$4,Ustawienia!$B$3+(Ustawienia!$B$8*(I11/100)+Ustawienia!$B$9*(J11/100)+Ustawienia!$B$10*(K11/100)+Ustawienia!$B$11*(1-L11/100))*(Ustawienia!$B$4-Ustawienia!$B$3))))
M12: =IF(OR(I12="",J12="",K12="",L12=""),"",MAX(Ustawienia!$B$3,MIN(Ustawienia!$B$4,Ustawienia!$B$3+(Ustawienia!$B$8*(I12/100)+Ustawienia!$B$9*(J12/100)+Ustawienia!$B$10*(K12/100)+Ustawienia!$B$11*(1-L12/100))*(Ustawienia!$B$4-Ustawienia!$B$3))))
M13: =IF(OR(I13="",J13="",K13="",L13=""),"",MAX(Ustawienia!$B$3,MIN(Ustawienia!$B$4,Ustawienia!$B$3+(Ustawienia!$B$8*(I13/100)+Ustawienia!$B$9*(J13/100)+Ustawienia!$B$10*(K13/100)+Ustawienia!$B$11*(1-L13/100))*(Ustawienia!$B$4-Ustawienia!$B$3))))
M14: =IF(OR(I14="",J14="",K14="",L14=""),"",MAX(Ustawienia!$B$3,MIN(Ustawienia!$B$4,Ustawienia!$B$3+(Ustawienia!$B$8*(I14/100)+Ustawienia!$B$9*(J14/100)+Ustawienia!$B$10*(K14/100)+Ustawienia!$B$11*(1-L14/100))*(Ustawienia!$B$4-Ustawienia!$B$3))))
M15: =IF(OR(I15="",J15="",K15="",L15=""),"",MAX(Ustawienia!$B$3,MIN(Ustawienia!$B$4,Ustawienia!$B$3+(Ustawienia!$B$8*(I15/100)+Ustawienia!$B$9*(J15/100)+Ustawienia!$B$10*(K15/100)+Ustawienia!$B$11*(1-L15/100))*(Ustawienia!$B$4-Ustawienia!$B$3))))
M16: =IF(OR(I16="",J16="",K16="",L16=""),"",MAX(Ustawienia!$B$3,MIN(Ustawienia!$B$4,Ustawienia!$B$3+(Ustawienia!$B$8*(I16/100)+Ustawienia!$B$9*(J16/100)+Ustawienia!$B$10*(K16/100)+Ustawienia!$B$11*(1-L16/100))*(Ustawienia!$B$4-Ustawienia!$B$3))))
... M501: =IF(OR(I501="",J501="",K501="",L501=""),"",MAX(Ustawienia!$B$3,MIN(Ustawienia!$B$4,Ustawienia!$B$3+(Ustawienia!$B$8*(I501/100)+Ustawienia!$B$9*(J501/100)+Ustawienia!$B$10*(K501/100)+Ustawienia!$B$11*(1-L501/100))*(Ustawienia!$B$4-Ustawienia!$B$3))))

Sheet Zaangażowanie
A1: Employee_ID | B1: Imię i nazwisko | C1: Milestone_ID | D1: Nazwa milestone | E1: Udział_czasowy_0-1 | F1: Ocena_wkładu_1-5 | G1: Faktor_wkładu AUTOWYLICZENIE | H1: Opis wkładu / dowody | I1: Uwagi
A2: E-001 | B2: =IFERROR(_xlfn.XLOOKUP(A2,Pracownicy!$A$2:$A$501,Pracownicy!$B$2:$B$501),"") -> Tymoteusz Mądry | C2: MS-001 | D2: =IFERROR(_xlfn.XLOOKUP(C2,Milestones!$A$2:$A$501,Milestones!$C$2:$C$501),"") -> M1: Analiza Polikapilara | E2: 0.5 | F2: 4 | G2: =IFERROR(_xlfn.XLOOKUP(F2,Ustawienia!$H$4:$H$8,Ustawienia!$I$4:$I$8),"") -> 1.1 | H2: Youtrack
A3: E-002 | B3: =IFERROR(_xlfn.XLOOKUP(A3,Pracownicy!$A$2:$A$501,Pracownicy!$B$2:$B$501),"") -> Albert Giza | C3: MS-001 | D3: =IFERROR(_xlfn.XLOOKUP(C3,Milestones!$A$2:$A$501,Milestones!$C$2:$C$501),"") -> M1: Analiza Polikapilara | E3: 0.5 | F3: 4 | G3: =IFERROR(_xlfn.XLOOKUP(F3,Ustawienia!$H$4:$H$8,Ustawienia!$I$4:$I$8),"") -> 1.1
A4: E-003 | B4: =IFERROR(_xlfn.XLOOKUP(A4,Pracownicy!$A$2:$A$501,Pracownicy!$B$2:$B$501),"") -> Jan Kochanowski | C4: MS-001 | D4: =IFERROR(_xlfn.XLOOKUP(C4,Milestones!$A$2:$A$501,Milestones!$C$2:$C$501),"") -> M1: Analiza Polikapilara | E4: 0.3 | F4: 3 | G4: =IFERROR(_xlfn.XLOOKUP(F4,Ustawienia!$H$4:$H$8,Ustawienia!$I$4:$I$8),"") -> 1
B5: =IFERROR(_xludf.XLOOKUP(A5,Pracownicy!$A$2:$A$501,Pracownicy!$B$2:$B$501),"") | D5: =IFERROR(_xludf.XLOOKUP(A5,Milestones!$A$2:$A$501,Milestones!$C$2:$C$501),"") | G5: =IFERROR(_xludf.XLOOKUP(F5,Ustawienia!$H$4:$H$8,Ustawienia!$I$4:$I$8),"")
B6: =IFERROR(_xludf.XLOOKUP(A6,Pracownicy!$A$2:$A$501,Pracownicy!$B$2:$B$501),"") | D6: =IFERROR(_xludf.XLOOKUP(A6,Milestones!$A$2:$A$501,Milestones!$C$2:$C$501),"") | G6: =IFERROR(_xludf.XLOOKUP(F6,Ustawienia!$H$4:$H$8,Ustawienia!$I$4:$I$8),"")
B7: =IFERROR(_xludf.XLOOKUP(A7,Pracownicy!$A$2:$A$501,Pracownicy!$B$2:$B$501),"") | D7: =IFERROR(_xludf.XLOOKUP(A7,Milestones!$A$2:$A$501,Milestones!$C$2:$C$501),"") | G7: =IFERROR(_xludf.XLOOKUP(F7,Ustawienia!$H$4:$H$8,Ustawienia!$I$4:$I$8),"")
B8: =IFERROR(_xludf.XLOOKUP(A8,Pracownicy!$A$2:$A$501,Pracownicy!$B$2:$B$501),"") | D8: =IFERROR(_xludf.XLOOKUP(A8,Milestones!$A$2:$A$501,Milestones!$C$2:$C$501),"") | G8: =IFERROR(_xludf.XLOOKUP(F8,Ustawienia!$H$4:$H$8,Ustawienia!$I$4:$I$8),"")
B9: =IFERROR(_xludf.XLOOKUP(A9,Pracownicy!$A$2:$A$501,Pracownicy!$B$2:$B$501),"") | D9: =IFERROR(_xludf.XLOOKUP(A9,Milestones!$A$2:$A$501,Milestones!$C$2:$C$501),"") | G9: =IFERROR(_xludf.XLOOKUP(F9,Ustawienia!$H$4:$H$8,Ustawienia!$I$4:$I$8),"")
B10: =IFERROR(_xludf.XLOOKUP(A10,Pracownicy!$A$2:$A$501,Pracownicy!$B$2:$B$501),"") | D10: =IFERROR(_xludf.XLOOKUP(A10,Milestones!$A$2:$A$501,Milestones!$C$2:$C$501),"") | G10: =IFERROR(_xludf.XLOOKUP(F10,Ustawienia!$H$4:$H$8,Ustawienia!$I$4:$I$8),"")
B11: =IFERROR(_xludf.XLOOKUP(A11,Pracownicy!$A$2:$A$501,Pracownicy!$B$2:$B$501),"") | D11: =IFERROR(_xludf.XLOOKUP(A11,Milestones!$A$2:$A$501,Milestones!$C$2:$C$501),"") | G11: =IFERROR(_xludf.XLOOKUP(F11,Ustawienia!$H$4:$H$8,Ustawienia!$I$4:$I$8),"")
B12: =IFERROR(_xludf.XLOOKUP(A12,Pracownicy!$A$2:$A$501,Pracownicy!$B$2:$B$501),"") | D12: =IFERROR(_xludf.XLOOKUP(A12,Milestones!$A$2:$A$501,Milestones!$C$2:$C$501),"") | G12: =IFERROR(_xludf.XLOOKUP(F12,Ustawienia!$H$4:$H$8,Ustawienia!$I$4:$I$8),"")
B13: =IFERROR(_xludf.XLOOKUP(A13,Pracownicy!$A$2:$A$501,Pracownicy!$B$2:$B$501),"") | D13: =IFERROR(_xludf.XLOOKUP(A13,Milestones!$A$2:$A$501,Milestones!$C$2:$C$501),"") | G13: =IFERROR(_xludf.XLOOKUP(F13,Ustawienia!$H$4:$H$8,Ustawienia!$I$4:$I$8),"")
B14: =IFERROR(_xludf.XLOOKUP(A14,Pracownicy!$A$2:$A$501,Pracownicy!$B$2:$B$501),"") | D14: =IFERROR(_xludf.XLOOKUP(A14,Milestones!$A$2:$A$501,Milestones!$C$2:$C$501),"") | G14: =IFERROR(_xludf.XLOOKUP(F14,Ustawienia!$H$4:$H$8,Ustawienia!$I$4:$I$8),"")
B15: =IFERROR(_xludf.XLOOKUP(A15,Pracownicy!$A$2:$A$501,Pracownicy!$B$2:$B$501),"") | D15: =IFERROR(_xludf.XLOOKUP(A15,Milestones!$A$2:$A$501,Milestones!$C$2:$C$501),"") | G15: =IFERROR(_xludf.XLOOKUP(F15,Ustawienia!$H$4:$H$8,Ustawienia!$I$4:$I$8),"")
B16: =IFERROR(_xludf.XLOOKUP(A16,Pracownicy!$A$2:$A$501,Pracownicy!$B$2:$B$501),"") | D16: =IFERROR(_xludf.XLOOKUP(A16,Milestones!$A$2:$A$501,Milestones!$C$2:$C$501),"") | G16: =IFERROR(_xludf.XLOOKUP(F16,Ustawienia!$H$4:$H$8,Ustawienia!$I$4:$I$8),"")
... B501: =IFERROR(_xludf.XLOOKUP(A501,Pracownicy!$A$2:$A$501,Pracownicy!$B$2:$B$501),"") | D501: =IFERROR(_xludf.XLOOKUP(A501,Milestones!$A$2:$A$501,Milestones!$C$2:$C$501),"") | G501: =IFERROR(_xludf.XLOOKUP(F501,Ustawienia!$H$4:$H$8,Ustawienia!$I$4:$I$8),"")

Sheet Wyniki
A1: Employee_ID | B1: Imię i nazwisko | C1: Milestone_ID | D1: Project_ID | E1: Nazwa projektu | F1: Nazwa milestone | G1: Pula_milestone_PLN | H1: Mnożnik_milestone | I1: Efektywny_mnożnik (<=1) | J1: Udział | K1: Waga_roli | L1: Faktor_wkładu | M1: Wkład_ważony | N1: Suma_wkładów_milestone | O1: Premia_wiersz_PLN
A2: =Zaangażowanie!A2 -> E-001 | B2: =IFERROR(_xlfn.XLOOKUP(A2,Pracownicy!$A$2:$A$501,Pracownicy!$B$2:$B$501),"") -> Tymoteusz Mądry | C2: =Zaangażowanie!C2 -> MS-001 | D2: =IFERROR(_xlfn.XLOOKUP(C2,Milestones!$A$2:$A$501,Milestones!$B$2:$B$501),"") -> RD-093 | E2: =IFERROR(_xlfn.XLOOKUP(D2,Projekty!$A$2:$A$501,Projekty!$B$2:$B$501),"") -> RD-093: Mikrowiązka v2 | F2: =IFERROR(_xlfn.XLOOKUP(C2,Milestones!$A$2:$A$501,Milestones!$C$2:$C$501),"") -> M1: Analiza Polikapilara | G2: =IFERROR(_xlfn.XLOOKUP(C2,Milestones!$A$2:$A$501,Milestones!$F$2:$F$501),"") -> 3000 | H2: =IFERROR(_xlfn.XLOOKUP(C2,Milestones!$A$2:$A$501,Milestones!$M$2:$M$501),"") -> 1.12 | I2: =IF(H2="","",MIN(H2,1)) -> 1 | J2: =Zaangażowanie!E2 -> 0.5 | K2: =IFERROR(_xlfn.XLOOKUP(A2,Pracownicy!$A$2:$A$501,Pracownicy!$F$2:$F$501),"") -> 1 | L2: =Zaangażowanie!G2 -> 1.1 | M2: =IF(OR(J2="",K2="",L2=""),"",J2*K2*L2) -> 0.55 | N2: =IF(C2="","",SUMIF($C$2:$C$501,C2,$M$2:$M$501)) -> 1.5675 | O2: =IF(OR(G2="",I2="",M2="",N2="",N2=0),"",ROUNDDOWN(G2*I2*(M2/N2),2)) -> 1052.63
A3: =Zaangażowanie!A3 -> E-002 | B3: =IFERROR(_xlfn.XLOOKUP(A3,Pracownicy!$A$2:$A$501,Pracownicy!$B$2:$B$501),"") -> Albert Giza | C3: =Zaangażowanie!C3 -> MS-001 | D3: =IFERROR(_xlfn.XLOOKUP(C3,Milestones!$A$2:$A$501,Milestones!$B$2:$B$501),"") -> RD-093 | E3: =IFERROR(_xlfn.XLOOKUP(D3,Projekty!$A$2:$A$501,Projekty!$B$2:$B$501),"") -> RD-093: Mikrowiązka v2 | F3: =IFERROR(_xlfn.XLOOKUP(C3,Milestones!$A$2:$A$501,Milestones!$C$2:$C$501),"") -> M1: Analiza Polikapilara | G3: =IFERROR(_xlfn.XLOOKUP(C3,Milestones!$A$2:$A$501,Milestones!$F$2:$F$501),"") -> 3000 | H3: =IFERROR(_xlfn.XLOOKUP(C3,Milestones!$A$2:$A$501,Milestones!$M$2:$M$501),"") -> 1.12 | I3: =IF(H3="","",MIN(H3,1)) -> 1 | J3: =Zaangażowanie!E3 -> 0.5 | K3: =IFERROR(_xlfn.XLOOKUP(A3,Pracownicy!$A$2:$A$501,Pracownicy!$F$2:$F$501),"") -> 1.25 | L3: =Zaangażowanie!G3 -> 1.1 | M3: =IF(OR(J3="",K3="",L3=""),"",J3*K3*L3) -> 0.6875 | N3: =IF(C3="","",SUMIF($C$2:$C$501,C3,$M$2:$M$501)) -> 1.5675 | O3: =IF(OR(G3="",I3="",M3="",N3="",N3=0),"",ROUNDDOWN(G3*I3*(M3/N3),2)) -> 1315.78
A4: =Zaangażowanie!A4 -> E-003 | B4: =IFERROR(_xlfn.XLOOKUP(A4,Pracownicy!$A$2:$A$501,Pracownicy!$B$2:$B$501),"") -> Jan Kochanowski | C4: =Zaangażowanie!C4 -> MS-001 | D4: =IFERROR(_xlfn.XLOOKUP(C4,Milestones!$A$2:$A$501,Milestones!$B$2:$B$501),"") -> RD-093 | E4: =IFERROR(_xlfn.XLOOKUP(D4,Projekty!$A$2:$A$501,Projekty!$B$2:$B$501),"") -> RD-093: Mikrowiązka v2 | F4: =IFERROR(_xlfn.XLOOKUP(C4,Milestones!$A$2:$A$501,Milestones!$C$2:$C$501),"") -> M1: Analiza Polikapilara | G4: =IFERROR(_xlfn.XLOOKUP(C4,Milestones!$A$2:$A$501,Milestones!$F$2:$F$501),"") -> 3000 | H4: =IFERROR(_xlfn.XLOOKUP(C4,Milestones!$A$2:$A$501,Milestones!$M$2:$M$501),"") -> 1.12 | I4: =IF(H4="","",MIN(H4,1)) -> 1 | J4: =Zaangażowanie!E4 -> 0.3 | K4: =IFERROR(_xlfn.XLOOKUP(A4,Pracownicy!$A$2:$A$501,Pracownicy!$F$2:$F$501),"") -> 1.1 | L4: =Zaangażowanie!G4 -> 1 | M4: =IF(OR(J4="",K4="",L4=""),"",J4*K4*L4) -> 0.33 | N4: =IF(C4="","",SUMIF($C$2:$C$501,C4,$M$2:$M$501)) -> 1.5675 | O4: =IF(OR(G4="",I4="",M4="",N4="",N4=0),"",ROUNDDOWN(G4*I4*(M4/N4),2)) -> 631.57
B5: =IFERROR(_xludf.XLOOKUP(A5,Pracownicy!$A$2:$A$501,Pracownicy!$B$2:$B$501),"") | D5: =IFERROR(_xludf.XLOOKUP(C5,Milestones!$A$2:$A$501,Milestones!$B$2:$B$501),"") | E5: =IFERROR(_xludf.XLOOKUP(D5,Projekty!$A$2:$A$501,Projekty!$B$2:$B$501),"") | F5: =IFERROR(_xludf.XLOOKUP(C5,Milestones!$A$2:$A$501,Milestones!$C$2:$C$501),"") | G5: =IFERROR(_xludf.XLOOKUP(C5,Milestones!$A$2:$A$501,Milestones!$F$2:$F$501),"") | H5: =IFERROR(_xludf.XLOOKUP(C5,Milestones!$A$2:$A$501,Milestones!$M$2:$M$501),"") | I5: =IF(H5="","",MIN(H5,1)) | K5: =IFERROR(_xludf.XLOOKUP(A5,Pracownicy!$A$2:$A$501,Pracownicy!$F$2:$F$501),"") | M5: =IF(OR(J5="",K5="",L5=""),"",J5*K5*L5) | N5: =IF(C5="","",SUMIF($C$2:$C$501,C5,$M$2:$M$501)) | O5: =IF(OR(G5="",I5="",M5="",N5="",N5=0),"",ROUNDDOWN(G5*I5*(M5/N5),2))
B6: =IFERROR(_xludf.XLOOKUP(A6,Pracownicy!$A$2:$A$501,Pracownicy!$B$2:$B$501),"") | D6: =IFERROR(_xludf.XLOOKUP(C6,Milestones!$A$2:$A$501,Milestones!$B$2:$B$501),"") | E6: =IFERROR(_xludf.XLOOKUP(D6,Projekty!$A$2:$A$501,Projekty!$B$2:$B$501),"") | F6: =IFERROR(_xludf.XLOOKUP(C6,Milestones!$A$2:$A$501,Milestones!$C$2:$C$501),"") | G6: =IFERROR(_xludf.XLOOKUP(C6,Milestones!$A$2:$A$501,Milestones!$F$2:$F$501),"") | H6: =IFERROR(_xludf.XLOOKUP(C6,Milestones!$A$2:$A$501,Milestones!$M$2:$M$501),"") | I6: =IF(H6="","",MIN(H6,1)) | K6: =IFERROR(_xludf.XLOOKUP(A6,Pracownicy!$A$2:$A$501,Pracownicy!$F$2:$F$501),"") | M6: =IF(OR(J6="",K6="",L6=""),"",J6*K6*L6) | N6: =IF(C6="","",SUMIF($C$2:$C$501,C6,$M$2:$M$501)) | O6: =IF(OR(G6="",I6="",M6="",N6="",N6=0),"",ROUNDDOWN(G6*I6*(M6/N6),2))
B7: =IFERROR(_xludf.XLOOKUP(A7,Pracownicy!$A$2:$A$501,Pracownicy!$B$2:$B$501),"") | D7: =IFERROR(_xludf.XLOOKUP(C7,Milestones!$A$2:$A$501,Milestones!$B$2:$B$501),"") | E7: =IFERROR(_xludf.XLOOKUP(D7,Projekty!$A$2:$A$501,Projekty!$B$2:$B$501),"") | F7: =IFERROR(_xludf.XLOOKUP(C7,Milestones!$A$2:$A$501,Milestones!$C$2:$C$501),"") | G7: =IFERROR(_xludf.XLOOKUP(C7,Milestones!$A$2:$A$501,Milestones!$F$2:$F$501),"") | H7: =IFERROR(_xludf.XLOOKUP(C7,Milestones!$A$2:$A$501,Milestones!$M$2:$M$501),"") | I7: =IF(H7="","",MIN(H7,1)) | K7: =IFERROR(_xludf.XLOOKUP(A7,Pracownicy!$A$2:$A$501,Pracownicy!$F$2:$F$501),"") | M7: =IF(OR(J7="",K7="",L7=""),"",J7*K7*L7) | N7: =IF(C7="","",SUMIF($C$2:$C$501,C7,$M$2:$M$501)) | O7: =IF(OR(G7="",I7="",M7="",N7="",N7=0),"",ROUNDDOWN(G7*I7*(M7/N7),2))
B8: =IFERROR(_xludf.XLOOKUP(A8,Pracownicy!$A$2:$A$501,Pracownicy!$B$2:$B$501),"") | D8: =IFERROR(_xludf.XLOOKUP(C8,Milestones!$A$2:$A$501,Milestones!$B$2:$B$501),"") | E8: =IFERROR(_xludf.XLOOKUP(D8,Projekty!$A$2:$A$501,Projekty!$B$2:$B$501),"") | F8: =IFERROR(_xludf.XLOOKUP(C8,Milestones!$A$2:$A$501,Milestones!$C$2:$C$501),"") | G8: =IFERROR(_xludf.XLOOKUP(C8,Milestones!$A$2:$A$501,Milestones!$F$2:$F$501),"") | H8: =IFERROR(_xludf.XLOOKUP(C8,Milestones!$A$2:$A$501,Milestones!$M$2:$M$501),"") | I8: =IF(H8="","",MIN(H8,1)) | K8: =IFERROR(_xludf.XLOOKUP(A8,Pracownicy!$A$2:$A$501,Pracownicy!$F$2:$F$501),"") | M8: =IF(OR(J8="",K8="",L8=""),"",J8*K8*L8) | N8: =IF(C8="","",SUMIF($C$2:$C$501,C8,$M$2:$M$501)) | O8: =IF(OR(G8="",I8="",M8="",N8="",N8=0),"",ROUNDDOWN(G8*I8*(M8/N8),2))
B9: =IFERROR(_xludf.XLOOKUP(A9,Pracownicy!$A$2:$A$501,Pracownicy!$B$2:$B$501),"") | D9: =IFERROR(_xludf.XLOOKUP(C9,Milestones!$A$2:$A$501,Milestones!$B$2:$B$501),"") | E9: =IFERROR(_xludf.XLOOKUP(D9,Projekty!$A$2:$A$501,Projekty!$B$2:$B$501),"") | F9: =IFERROR(_xludf.XLOOKUP(C9,Milestones!$A$2:$A$501,Milestones!$C$2:$C$501),"") | G9: =IFERROR(_xludf.XLOOKUP(C9,Milestones!$A$2:$A$501,Milestones!$F$2:$F$501),"") | H9: =IFERROR(_xludf.XLOOKUP(C9,Milestones!$A$2:$A$501,Milestones!$M$2:$M$501),"") | I9: =IF(H9="","",MIN(H9,1)) | K9: =IFERROR(_xludf.XLOOKUP(A9,Pracownicy!$A$2:$A$501,Pracownicy!$F$2:$F$501),"") | M9: =IF(OR(J9="",K9="",L9=""),"",J9*K9*L9) | N9: =IF(C9="","",SUMIF($C$2:$C$501,C9,$M$2:$M$501)) | O9: =IF(OR(G9="",I9="",M9="",N9="",N9=0),"",ROUNDDOWN(G9*I9*(M9/N9),2))
B10: =IFERROR(_xludf.XLOOKUP(A10,Pracownicy!$A$2:$A$501,Pracownicy!$B$2:$B$501),"") | D10: =IFERROR(_xludf.XLOOKUP(C10,Milestones!$A$2:$A$501,Milestones!$B$2:$B$501),"") | E10: =IFERROR(_xludf.XLOOKUP(D10,Projekty!$A$2:$A$501,Projekty!$B$2:$B$501),"") | F10: =IFERROR(_xludf.XLOOKUP(C10,Milestones!$A$2:$A$501,Milestones!$C$2:$C$501),"") | G10: =IFERROR(_xludf.XLOOKUP(C10,Milestones!$A$2:$A$501,Milestones!$F$2:$F$501),"") | H10: =IFERROR(_xludf.XLOOKUP(C10,Milestones!$A$2:$A$501,Milestones!$M$2:$M$501),"") | I10: =IF(H10="","",MIN(H10,1)) | K10: =IFERROR(_xludf.XLOOKUP(A10,Pracownicy!$A$2:$A$501,Pracownicy!$F$2:$F$501),"") | M10: =IF(OR(J10="",K10="",L10=""),"",J10*K10*L10) | N10: =IF(C10="","",SUMIF($C$2:$C$501,C10,$M$2:$M$501)) | O10: =IF(OR(G10="",I10="",M10="",N10="",N10=0),"",ROUNDDOWN(G10*I10*(M10/N10),2))
B11: =IFERROR(_xludf.XLOOKUP(A11,Pracownicy!$A$2:$A$501,Pracownicy!$B$2:$B$501),"") | D11: =IFERROR(_xludf.XLOOKUP(C11,Milestones!$A$2:$A$501,Milestones!$B$2:$B$501),"") | E11: =IFERROR(_xludf.XLOOKUP(D11,Projekty!$A$2:$A$501,Projekty!$B$2:$B$501),"") | F11: =IFERROR(_xludf.XLOOKUP(C11,Milestones!$A$2:$A$501,Milestones!$C$2:$C$501),"") | G11: =IFERROR(_xludf.XLOOKUP(C11,Milestones!$A$2:$A$501,Milestones!$F$2:$F$501),"") | H11: =IFERROR(_xludf.XLOOKUP(C11,Milestones!$A$2:$A$501,Milestones!$M$2:$M$501),"") | I11: =IF(H11="","",MIN(H11,1)) | K11: =IFERROR(_xludf.XLOOKUP(A11,Pracownicy!$A$2:$A$501,Pracownicy!$F$2:$F$501),"") | M11: =IF(OR(J11="",K11="",L11=""),"",J11*K11*L11) | N11: =IF(C11="","",SUMIF($C$2:$C$501,C11,$M$2:$M$501)) | O11: =IF(OR(G11="",I11="",M11="",N11="",N11=0),"",ROUNDDOWN(G11*I11*(M11/N11),2))
B12: =IFERROR(_xludf.XLOOKUP(A12,Pracownicy!$A$2:$A$501,Pracownicy!$B$2:$B$501),"") | D12: =IFERROR(_xludf.XLOOKUP(C12,Milestones!$A$2:$A$501,Milestones!$B$2:$B$501),"") | E12: =IFERROR(_xludf.XLOOKUP(D12,Projekty!$A$2:$A$501,Projekty!$B$2:$B$501),"") | F12: =IFERROR(_xludf.XLOOKUP(C12,Milestones!$A$2:$A$501,Milestones!$C$2:$C$501),"") | G12: =IFERROR(_xludf.XLOOKUP(C12,Milestones!$A$2:$A$501,Milestones!$F$2:$F$501),"") | H12: =IFERROR(_xludf.XLOOKUP(C12,Milestones!$A$2:$A$501,Milestones!$M$2:$M$501),"") | I12: =IF(H12="","",MIN(H12,1)) | K12: =IFERROR(_xludf.XLOOKUP(A12,Pracownicy!$A$2:$A$501,Pracownicy!$F$2:$F$501),"") | M12: =IF(OR(J12="",K12="",L12=""),"",J12*K12*L12) | N12: =IF(C12="","",SUMIF($C$2:$C$501,C12,$M$2:$M$501)) | O12: =IF(OR(G12="",I12="",M12="",N12="",N12=0),"",ROUNDDOWN(G12*I12*(M12/N12),2))
B13: =IFERROR(_xludf.XLOOKUP(A13,Pracownicy!$A$2:$A$501,Pracownicy!$B$2:$B$501),"") | D13: =IFERROR(_xludf.XLOOKUP(C13,Milestones!$A$2:$A$501,Milestones!$B$2:$B$501),"") | E13: =IFERROR(_xludf.XLOOKUP(D13,Projekty!$A$2:$A$501,Projekty!$B$2:$B$501),"") | F13: =IFERROR(_xludf.XLOOKUP(C13,Milestones!$A$2:$A$501,Milestones!$C$2:$C$501),"") | G13: =IFERROR(_xludf.XLOOKUP(C13,Milestones!$A$2:$A$501,Milestones!$F$2:$F$501),"") | H13: =IFERROR(_xludf.XLOOKUP(C13,Milestones!$A$2:$A$501,Milestones!$M$2:$M$501),"") | I13: =IF(H13="","",MIN(H13,1)) | K13: =IFERROR(_xludf.XLOOKUP(A13,Pracownicy!$A$2:$A$501,Pracownicy!$F$2:$F$501),"") | M13: =IF(OR(J13="",K13="",L13=""),"",J13*K13*L13) | N13: =IF(C13="","",SUMIF($C$2:$C$501,C13,$M$2:$M$501)) | O13: =IF(OR(G13="",I13="",M13="",N13="",N13=0),"",ROUNDDOWN(G13*I13*(M13/N13),2))
B14: =IFERROR(_xludf.XLOOKUP(A14,Pracownicy!$A$2:$A$501,Pracownicy!$B$2:$B$501),"") | D14: =IFERROR(_xludf.XLOOKUP(C14,Milestones!$A$2:$A$501,Milestones!$B$2:$B$501),"") | E14: =IFERROR(_xludf.XLOOKUP(D14,Projekty!$A$2:$A$501,Projekty!$B$2:$B$501),"") | F14: =IFERROR(_xludf.XLOOKUP(C14,Milestones!$A$2:$A$501,Milestones!$C$2:$C$501),"") | G14: =IFERROR(_xludf.XLOOKUP(C14,Milestones!$A$2:$A$501,Milestones!$F$2:$F$501),"") | H14: =IFERROR(_xludf.XLOOKUP(C14,Milestones!$A$2:$A$501,Milestones!$M$2:$M$501),"") | I14: =IF(H14="","",MIN(H14,1)) | K14: =IFERROR(_xludf.XLOOKUP(A14,Pracownicy!$A$2:$A$501,Pracownicy!$F$2:$F$501),"") | M14: =IF(OR(J14="",K14="",L14=""),"",J14*K14*L14) | N14: =IF(C14="","",SUMIF($C$2:$C$501,C14,$M$2:$M$501)) | O14: =IF(OR(G14="",I14="",M14="",N14="",N14=0),"",ROUNDDOWN(G14*I14*(M14/N14),2))
B15: =IFERROR(_xludf.XLOOKUP(A15,Pracownicy!$A$2:$A$501,Pracownicy!$B$2:$B$501),"") | D15: =IFERROR(_xludf.XLOOKUP(C15,Milestones!$A$2:$A$501,Milestones!$B$2:$B$501),"") | E15: =IFERROR(_xludf.XLOOKUP(D15,Projekty!$A$2:$A$501,Projekty!$B$2:$B$501),"") | F15: =IFERROR(_xludf.XLOOKUP(C15,Milestones!$A$2:$A$501,Milestones!$C$2:$C$501),"") | G15: =IFERROR(_xludf.XLOOKUP(C15,Milestones!$A$2:$A$501,Milestones!$F$2:$F$501),"") | H15: =IFERROR(_xludf.XLOOKUP(C15,Milestones!$A$2:$A$501,Milestones!$M$2:$M$501),"") | I15: =IF(H15="","",MIN(H15,1)) | K15: =IFERROR(_xludf.XLOOKUP(A15,Pracownicy!$A$2:$A$501,Pracownicy!$F$2:$F$501),"") | M15: =IF(OR(J15="",K15="",L15=""),"",J15*K15*L15) | N15: =IF(C15="","",SUMIF($C$2:$C$501,C15,$M$2:$M$501)) | O15: =IF(OR(G15="",I15="",M15="",N15="",N15=0),"",ROUNDDOWN(G15*I15*(M15/N15),2))
B16: =IFERROR(_xludf.XLOOKUP(A16,Pracownicy!$A$2:$A$501,Pracownicy!$B$2:$B$501),"") | D16: =IFERROR(_xludf.XLOOKUP(C16,Milestones!$A$2:$A$501,Milestones!$B$2:$B$501),"") | E16: =IFERROR(_xludf.XLOOKUP(D16,Projekty!$A$2:$A$501,Projekty!$B$2:$B$501),"") | F16: =IFERROR(_xludf.XLOOKUP(C16,Milestones!$A$2:$A$501,Milestones!$C$2:$C$501),"") | G16: =IFERROR(_xludf.XLOOKUP(C16,Milestones!$A$2:$A$501,Milestones!$F$2:$F$501),"") | H16: =IFERROR(_xludf.XLOOKUP(C16,Milestones!$A$2:$A$501,Milestones!$M$2:$M$501),"") | I16: =IF(H16="","",MIN(H16,1)) | K16: =IFERROR(_xludf.XLOOKUP(A16,Pracownicy!$A$2:$A$501,Pracownicy!$F$2:$F$501),"") | M16: =IF(OR(J16="",K16="",L16=""),"",J16*K16*L16) | N16: =IF(C16="","",SUMIF($C$2:$C$501,C16,$M$2:$M$501)) | O16: =IF(OR(G16="",I16="",M16="",N16="",N16=0),"",ROUNDDOWN(G16*I16*(M16/N16),2))
... B501: =IFERROR(_xludf.XLOOKUP(A501,Pracownicy!$A$2:$A$501,Pracownicy!$B$2:$B$501),"") | D501: =IFERROR(_xludf.XLOOKUP(C501,Milestones!$A$2:$A$501,Milestones!$B$2:$B$501),"") | E501: =IFERROR(_xludf.XLOOKUP(D501,Projekty!$A$2:$A$501,Projekty!$B$2:$B$501),"") | F501: =IFERROR(_xludf.XLOOKUP(C501,Milestones!$A$2:$A$501,Milestones!$C$2:$C$501),"") | G501: =IFERROR(_xludf.XLOOKUP(C501,Milestones!$A$2:$A$501,Milestones!$F$2:$F$501),"") | H501: =IFERROR(_xludf.XLOOKUP(C501,Milestones!$A$2:$A$501,Milestones!$M$2:$M$501),"") | I501: =IF(H501="","",MIN(H501,1)) | K501: =IFERROR(_xludf.XLOOKUP(A501,Pracownicy!$A$2:$A$501,Pracownicy!$F$2:$F$501),"") | M501: =IF(OR(J501="",K501="",L501=""),"",J501*K501*L501) | N501: =IF(C501="","",SUMIF($C$2:$C$501,C501,$M$2:$M$501)) | O501: =IF(OR(G501="",I501="",M501="",N501="",N501=0),"",ROUNDDOWN(G501*I501*(M501/N501),2))

Sheet Podsumowanie_milestone
A1: Milestone_ID | B1: Project_ID | C1: Nazwa milestone | D1: Pula_milestone_PLN | E1: Mnożnik_milestone | F1: Efektywny_mnożnik (<=1) | G1: Maks. wypłata (PLN) | H1: Wypłacone (PLN) | I1: Niewypłacone (PLN) | J1: OK?
A2: =Milestones!A2 -> MS-001 | B2: =Milestones!B2 -> RD-093 | C2: =Milestones!C2 -> M1: Analiza Polikapilara | D2: =Milestones!F2 -> 3000 | E2: =IFERROR(_xlfn.XLOOKUP(A2,Milestones!$A$2:$A$501,Milestones!$M$2:$M$501),"") -> 1.12 | F2: =IF(E2="","",MIN(E2,1)) -> 1 | G2: =IF(D2="","",ROUNDDOWN(D2*F2,2)) -> 3000 | H2: =IF(A2="","",SUMIF(Wyniki!$C$2:$C$501,A2,Wyniki!$O$2:$O$501)) -> 2999.98 | I2: =IF(G2="","",MAX(0,G2-H2)) -> 0.02 | J2: =IF(A2="","",IF(H2<=G2,"OK","NIE")) -> OK
A3: =Milestones!A3 -> MS-002 | B3: =Milestones!B3 -> RD-093 | C3: =Milestones!C3 -> M2: źródło PV | D3: =Milestones!F3 -> 10000 | E3: =IFERROR(_xlfn.XLOOKUP(A3,Milestones!$A$2:$A$501,Milestones!$M$2:$M$501),"") -> 0.823 | F3: =IF(E3="","",MIN(E3,1)) -> 0.823 | G3: =IF(D3="","",ROUNDDOWN(D3*F3,2)) -> 8230 | H3: =IF(A3="","",SUMIF(Wyniki!$C$2:$C$501,A3,Wyniki!$O$2:$O$501)) -> 0 | I3: =IF(G3="","",MAX(0,G3-H3)) -> 8230 | J3: =IF(A3="","",IF(H3<=G3,"OK","NIE")) -> OK
E4: =IFERROR(_xludf.XLOOKUP(A4,Milestones!$A$2:$A$501,Milestones!$M$2:$M$501),"") | F4: =IF(E4="","",MIN(E4,1)) | G4: =IF(D4="","",ROUNDDOWN(D4*F4,2)) | H4: =IF(A4="","",SUMIF(Wyniki!$C$2:$C$501,A4,Wyniki!$O$2:$O$501)) | I4: =IF(G4="","",MAX(0,G4-H4)) | J4: =IF(A4="","",IF(H4<=G4,"OK","NIE"))
E5: =IFERROR(_xludf.XLOOKUP(A5,Milestones!$A$2:$A$501,Milestones!$M$2:$M$501),"") | F5: =IF(E5="","",MIN(E5,1)) | G5: =IF(D5="","",ROUNDDOWN(D5*F5,2)) | H5: =IF(A5="","",SUMIF(Wyniki!$C$2:$C$501,A5,Wyniki!$O$2:$O$501)) | I5: =IF(G5="","",MAX(0,G5-H5)) | J5: =IF(A5="","",IF(H5<=G5,"OK","NIE"))
E6: =IFERROR(_xludf.XLOOKUP(A6,Milestones!$A$2:$A$501,Milestones!$M$2:$M$501),"") | F6: =IF(E6="","",MIN(E6,1)) | G6: =IF(D6="","",ROUNDDOWN(D6*F6,2)) | H6: =IF(A6="","",SUMIF(Wyniki!$C$2:$C$501,A6,Wyniki!$O$2:$O$501)) | I6: =IF(G6="","",MAX(0,G6-H6)) | J6: =IF(A6="","",IF(H6<=G6,"OK","NIE"))
E7: =IFERROR(_xludf.XLOOKUP(A7,Milestones!$A$2:$A$501,Milestones!$M$2:$M$501),"") | F7: =IF(E7="","",MIN(E7,1)) | G7: =IF(D7="","",ROUNDDOWN(D7*F7,2)) | H7: =IF(A7="","",SUMIF(Wyniki!$C$2:$C$501,A7,Wyniki!$O$2:$O$501)) | I7: =IF(G7="","",MAX(0,G7-H7)) | J7: =IF(A7="","",IF(H7<=G7,"OK","NIE"))
E8: =IFERROR(_xludf.XLOOKUP(A8,Milestones!$A$2:$A$501,Milestones!$M$2:$M$501),"") | F8: =IF(E8="","",MIN(E8,1)) | G8: =IF(D8="","",ROUNDDOWN(D8*F8,2)) | H8: =IF(A8="","",SUMIF(Wyniki!$C$2:$C$501,A8,Wyniki!$O$2:$O$501)) | I8: =IF(G8="","",MAX(0,G8-H8)) | J8: =IF(A8="","",IF(H8<=G8,"OK","NIE"))
E9: =IFERROR(_xludf.XLOOKUP(A9,Milestones!$A$2:$A$501,Milestones!$M$2:$M$501),"") | F9: =IF(E9="","",MIN(E9,1)) | G9: =IF(D9="","",ROUNDDOWN(D9*F9,2)) | H9: =IF(A9="","",SUMIF(Wyniki!$C$2:$C$501,A9,Wyniki!$O$2:$O$501)) | I9: =IF(G9="","",MAX(0,G9-H9)) | J9: =IF(A9="","",IF(H9<=G9,"OK","NIE"))
E10: =IFERROR(_xludf.XLOOKUP(A10,Milestones!$A$2:$A$501,Milestones!$M$2:$M$501),"") | F10: =IF(E10="","",MIN(E10,1)) | G10: =IF(D10="","",ROUNDDOWN(D10*F10,2)) | H10: =IF(A10="","",SUMIF(Wyniki!$C$2:$C$501,A10,Wyniki!$O$2:$O$501)) | I10: =IF(G10="","",MAX(0,G10-H10)) | J10: =IF(A10="","",IF(H10<=G10,"OK","NIE"))
E11: =IFERROR(_xludf.XLOOKUP(A11,Milestones!$A$2:$A$501,Milestones!$M$2:$M$501),"") | F11: =IF(E11="","",MIN(E11,1)) | G11: =IF(D11="","",ROUNDDOWN(D11*F11,2)) | H11: =IF(A11="","",SUMIF(Wyniki!$C$2:$C$501,A11,Wyniki!$O$2:$O$501)) | I11: =IF(G11="","",MAX(0,G11-H11)) | J11: =IF(A11="","",IF(H11<=G11,"OK","NIE"))
E12: =IFERROR(_xludf.XLOOKUP(A12,Milestones!$A$2:$A$501,Milestones!$M$2:$M$501),"") | F12: =IF(E12="","",MIN(E12,1)) | G12: =IF(D12="","",ROUNDDOWN(D12*F12,2)) | H12: =IF(A12="","",SUMIF(Wyniki!$C$2:$C$501,A12,Wyniki!$O$2:$O$501)) | I12: =IF(G12="","",MAX(0,G12-H12)) | J12: =IF(A12="","",IF(H12<=G12,"OK","NIE"))
E13: =IFERROR(_xludf.XLOOKUP(A13,Milestones!$A$2:$A$501,Milestones!$M$2:$M$501),"") | F13: =IF(E13="","",MIN(E13,1)) | G13: =IF(D13="","",ROUNDDOWN(D13*F13,2)) | H13: =IF(A13="","",SUMIF(Wyniki!$C$2:$C$501,A13,Wyniki!$O$2:$O$501)) | I13: =IF(G13="","",MAX(0,G13-H13)) | J13: =IF(A13="","",IF(H13<=G13,"OK","NIE"))
E14: =IFERROR(_xludf.XLOOKUP(A14,Milestones!$A$2:$A$501,Milestones!$M$2:$M$501),"") | F14: =IF(E14="","",MIN(E14,1)) | G14: =IF(D14="","",ROUNDDOWN(D14*F14,2)) | H14: =IF(A14="","",SUMIF(Wyniki!$C$2:$C$501,A14,Wyniki!$O$2:$O$501)) | I14: =IF(G14="","",MAX(0,G14-H14)) | J14: =IF(A14="","",IF(H14<=G14,"OK","NIE"))
E15: =IFERROR(_xludf.XLOOKUP(A15,Milestones!$A$2:$A$501,Milestones!$M$2:$M$501),"") | F15: =IF(E15="","",MIN(E15,1)) | G15: =IF(D15="","",ROUNDDOWN(D15*F15,2)) | H15: =IF(A15="","",SUMIF(Wyniki!$C$2:$C$501,A15,Wyniki!$O$2:$O$501)) | I15: =IF(G15="","",MAX(0,G15-H15)) | J15: =IF(A15="","",IF(H15<=G15,"OK","NIE"))
... E501: =IFERROR(_xludf.XLOOKUP(A501,Milestones!$A$2:$A$501,Milestones!$M$2:$M$501),"") | F501: =IF(E501="","",MIN(E501,1)) | G501: =IF(D501="","",ROUNDDOWN(D501*F501,2)) | H501: =IF(A501="","",SUMIF(Wyniki!$C$2:$C$501,A501,Wyniki!$O$2:$O$501)) | I501: =IF(G501="","",MAX(0,G501-H501)) | J501: =IF(A501="","",IF(H501<=G501,"OK","NIE"))

Sheet Kontrola
A1: Employee_ID | B1: Imię i nazwisko | C1: Suma udziału w aktywnych milestone (W trakcie/W toku) | D1: OK?
A2: =Pracownicy!A2 -> E-001 | B2: =Pracownicy!B2 -> Tymoteusz Mądry | C2: {=_xlfn.SINGLE(IF(A2="","",_xlfn.LET(_xlpm.emp,A2,_xlpm.e,Zaangażowanie!$A$2:$A$501,_xlpm.ms,Zaangażowanie!$C$2:$C$501,_xlpm.sh,Zaangażowanie!$E$2:$E$501,_xlpm.msst,_xlfn.XLOOKUP(_xlpm.ms,Milestones!$A$2:$A$501,Milestones!$G$2:$G$501,""),_xlpm.act,(_xlfn.SINGLE(_xlpm.msst)="W trakcie")+(_xlfn.SINGLE(_xlpm.msst)="W toku"),ROUND(SUMPRODUCT((_xlpm.e=_xlpm.emp)*_xlpm.sh*_xlpm.act),3))))} -> 0.5 | D2: =IF(A2="","",IF(C2<=1,"OK","NIE")) -> OK
A3: =Pracownicy!A3 -> E-002 | B3: =Pracownicy!B3 -> Albert Giza | C3: {=_xlfn.SINGLE(IF(A3="","",_xlfn.LET(_xlpm.emp,A3,_xlpm.e,Zaangażowanie!$A$2:$A$501,_xlpm.ms,Zaangażowanie!$C$2:$C$501,_xlpm.sh,Zaangażowanie!$E$2:$E$501,_xlpm.msst,_xlfn.XLOOKUP(_xlpm.ms,Milestones!$A$2:$A$501,Milestones!$G$2:$G$501,""),_xlpm.act,(_xlfn.SINGLE(_xlpm.msst)="W trakcie")+(_xlfn.SINGLE(_xlpm.msst)="W toku"),ROUND(SUMPRODUCT((_xlpm.e=_xlpm.emp)*_xlpm.sh*_xlpm.act),3))))} -> 0.5 | D3: =IF(A3="","",IF(C3<=1,"OK","NIE")) -> OK
A4: =Pracownicy!A4 -> E-003 | B4: =Pracownicy!B4 -> Jan Kochanowski | C4: {=_xlfn.SINGLE(IF(A4="","",_xlfn.LET(_xlpm.emp,A4,_xlpm.e,Zaangażowanie!$A$2:$A$501,_xlpm.ms,Zaangażowanie!$C$2:$C$501,_xlpm.sh,Zaangażowanie!$E$2:$E$501,_xlpm.msst,_xlfn.XLOOKUP(_xlpm.ms,Milestones!$A$2:$A$501,Milestones!$G$2:$G$501,""),_xlpm.act,(_xlfn.SINGLE(_xlpm.msst)="W trakcie")+(_xlfn.SINGLE(_xlpm.msst)="W toku"),ROUND(SUMPRODUCT((_xlpm.e=_xlpm.emp)*_xlpm.sh*_xlpm.act),3))))} -> 0.3 | D4: =IF(A4="","",IF(C4<=1,"OK","NIE")) -> OK
A5: =Pracownicy!A5 -> 0 | B5: =Pracownicy!B5 -> 0 | C5: =IF(A5="","",_xludf.LET(emp,A5,e,Zaangażowanie!$A$2:$A$501,ms,Zaangażowanie!$C$2:$C$501,sh,Zaangażowanie!$E$2:$E$501,msst,_xludf.XLOOKUP(ms,Milestones!$A$2:$A$501,Milestones!$G$2:$G$501,""),act,(msst="W trakcie")+(msst="W toku"),ROUND(SUMPRODUCT((e=emp)*sh*act),3))) -> #NAME? | D5: =IF(A5="","",IF(C5<=1,"OK","NIE")) -> #NAME?
A6: =Pracownicy!A6 -> 0 | B6: =Pracownicy!B6 -> 0 | C6: =IF(A6="","",_xludf.LET(emp,A6,e,Zaangażowanie!$A$2:$A$501,ms,Zaangażowanie!$C$2:$C$501,sh,Zaangażowanie!$E$2:$E$501,msst,_xludf.XLOOKUP(ms,Milestones!$A$2:$A$501,Milestones!$G$2:$G$501,""),act,(msst="W trakcie")+(msst="W toku"),ROUND(SUMPRODUCT((e=emp)*sh*act),3))) -> #NAME? | D6: =IF(A6="","",IF(C6<=1,"OK","NIE")) -> #NAME?
A7: =Pracownicy!A7 -> 0 | B7: =Pracownicy!B7 -> 0 | C7: =IF(A7="","",_xludf.LET(emp,A7,e,Zaangażowanie!$A$2:$A$501,ms,Zaangażowanie!$C$2:$C$501,sh,Zaangażowanie!$E$2:$E$501,msst,_xludf.XLOOKUP(ms,Milestones!$A$2:$A$501,Milestones!$G$2:$G$501,""),act,(msst="W trakcie")+(msst="W toku"),ROUND(SUMPRODUCT((e=emp)*sh*act),3))) -> #NAME? | D7: =IF(A7="","",IF(C7<=1,"OK","NIE")) -> #NAME?
A8: =Pracownicy!A8 -> 0 | B8: =Pracownicy!B8 -> 0 | C8: =IF(A8="","",_xludf.LET(emp,A8,e,Zaangażowanie!$A$2:$A$501,ms,Zaangażowanie!$C$2:$C$501,sh,Zaangażowanie!$E$2:$E$501,msst,_xludf.XLOOKUP(ms,Milestones!$A$2:$A$501,Milestones!$G$2:$G$501,""),act,(msst="W trakcie")+(msst="W toku"),ROUND(SUMPRODUCT((e=emp)*sh*act),3))) -> #NAME? | D8: =IF(A8="","",IF(C8<=1,"OK","NIE")) -> #NAME?
A9: =Pracownicy!A9 -> 0 | B9: =Pracownicy!B9 -> 0 | C9: =IF(A9="","",_xludf.LET(emp,A9,e,Zaangażowanie!$A$2:$A$501,ms,Zaangażowanie!$C$2:$C$501,sh,Zaangażowanie!$E$2:$E$501,msst,_xludf.XLOOKUP(ms,Milestones!$A$2:$A$501,Milestones!$G$2:$G$501,""),act,(msst="W trakcie")+(msst="W toku"),ROUND(SUMPRODUCT((e=emp)*sh*act),3))) -> #NAME? | D9: =IF(A9="","",IF(C9<=1,"OK","NIE")) -> #NAME?
A10: =Pracownicy!A10 -> 0 | B10: =Pracownicy!B10 -> 0 | C10: =IF(A10="","",_xludf.LET(emp,A10,e,Zaangażowanie!$A$2:$A$501,ms,Zaangażowanie!$C$2:$C$501,sh,Zaangażowanie!$E$2:$E$501,msst,_xludf.XLOOKUP(ms,Milestones!$A$2:$A$501,Milestones!$G$2:$G$501,""),act,(msst="W trakcie")+(msst="W toku"),ROUND(SUMPRODUCT((e=emp)*sh*act),3))) -> #NAME? | D10: =IF(A10="","",IF(C10<=1,"OK","NIE")) -> #NAME?
A11: =Pracownicy!A11 -> 0 | B11: =Pracownicy!B11 -> 0 | C11: =IF(A11="","",_xludf.LET(emp,A11,e,Zaangażowanie!$A$2:$A$501,ms,Zaangażowanie!$C$2:$C$501,sh,Zaangażowanie!$E$2:$E$501,msst,_xludf.XLOOKUP(ms,Milestones!$A$2:$A$501,Milestones!$G$2:$G$501,""),act,(msst="W trakcie")+(msst="W toku"),ROUND(SUMPRODUCT((e=emp)*sh*act),3))) -> #NAME? | D11: =IF(A11="","",IF(C11<=1,"OK","NIE")) -> #NAME?
A12: =Pracownicy!A12 -> 0 | B12: =Pracownicy!B12 -> 0 | C12: =IF(A12="","",_xludf.LET(emp,A12,e,Zaangażowanie!$A$2:$A$501,ms,Zaangażowanie!$C$2:$C$501,sh,Zaangażowanie!$E$2:$E$501,msst,_xludf.XLOOKUP(ms,Milestones!$A$2:$A$501,Milestones!$G$2:$G$501,""),act,(msst="W trakcie")+(msst="W toku"),ROUND(SUMPRODUCT((e=emp)*sh*act),3))) -> #NAME? | D12: =IF(A12="","",IF(C12<=1,"OK","NIE")) -> #NAME?
A13: =Pracownicy!A13 -> 0 | B13: =Pracownicy!B13 -> 0 | C13: =IF(A13="","",_xludf.LET(emp,A13,e,Zaangażowanie!$A$2:$A$501,ms,Zaangażowanie!$C$2:$C$501,sh,Zaangażowanie!$E$2:$E$501,msst,_xludf.XLOOKUP(ms,Milestones!$A$2:$A$501,Milestones!$G$2:$G$501,""),act,(msst="W trakcie")+(msst="W toku"),ROUND(SUMPRODUCT((e=emp)*sh*act),3))) -> #NAME? | D13: =IF(A13="","",IF(C13<=1,"OK","NIE")) -> #NAME?
A14: =Pracownicy!A14 -> 0 | B14: =Pracownicy!B14 -> 0 | C14: =IF(A14="","",_xludf.LET(emp,A14,e,Zaangażowanie!$A$2:$A$501,ms,Zaangażowanie!$C$2:$C$501,sh,Zaangażowanie!$E$2:$E$501,msst,_xludf.XLOOKUP(ms,Milestones!$A$2:$A$501,Milestones!$G$2:$G$501,""),act,(msst="W trakcie")+(msst="W toku"),ROUND(SUMPRODUCT((e=emp)*sh*act),3))) -> #NAME? | D14: =IF(A14="","",IF(C14<=1,"OK","NIE")) -> #NAME?
A15: =Pracownicy!A15 -> 0 | B15: =Pracownicy!B15 -> 0 | C15: =IF(A15="","",_xludf.LET(emp,A15,e,Zaangażowanie!$A$2:$A$501,ms,Zaangażowanie!$C$2:$C$501,sh,Zaangażowanie!$E$2:$E$501,msst,_xludf.XLOOKUP(ms,Milestones!$A$2:$A$501,Milestones!$G$2:$G$501,""),act,(msst="W trakcie")+(msst="W toku"),ROUND(SUMPRODUCT((e=emp)*sh*act),3))) -> #NAME? | D15: =IF(A15="","",IF(C15<=1,"OK","NIE")) -> #NAME?
A16: =Pracownicy!A16 -> 0 | B16: =Pracownicy!B16 -> 0 | C16: =IF(A16="","",_xludf.LET(emp,A16,e,Zaangażowanie!$A$2:$A$501,ms,Zaangażowanie!$C$2:$C$501,sh,Zaangażowanie!$E$2:$E$501,msst,_xludf.XLOOKUP(ms,Milestones!$A$2:$A$501,Milestones!$G$2:$G$501,""),act,(msst="W trakcie")+(msst="W toku"),ROUND(SUMPRODUCT((e=emp)*sh*act),3))) -> #NAME? | D16: =IF(A16="","",IF(C16<=1,"OK","NIE")) -> #NAME?
... A501: =Pracownicy!A501 -> 0 | B501: =Pracownicy!B501 -> 0 | C501: =IF(A501="","",_xludf.LET(emp,A501,e,Zaangażowanie!$A$2:$A$501,ms,Zaangażowanie!$C$2:$C$501,sh,Zaangażowanie!$E$2:$E$501,msst,_xludf.XLOOKUP(ms,Milestones!$A$2:$A$501,Milestones!$G$2:$G$501,""),act,(msst="W trakcie")+(msst="W toku"),ROUND(SUMPRODUCT((e=emp)*sh*act),3))) -> #NAME? | D501: =IF(A501="","",IF(C501<=1,"OK","NIE")) -> #NAME?

Sheet Raport
A1: Employee_ID | B1: Imię i nazwisko | C1: Dział | D1: Rola | E1: Łączna premia (PLN) | F1: Liczba milestone
A2: =Pracownicy!A2 -> E-001 | B2: =Pracownicy!B2 -> Tymoteusz Mądry | C2: =Pracownicy!C2 -> R&D | D2: =Pracownicy!D2 -> Specjalista | E2: =IF(A2="","",SUMIF(Wyniki!$A$2:$A$501,A2,Wyniki!$O$2:$O$501)) -> 1052.63 | F2: =IF(A2="","",COUNTIF(Wyniki!$A$2:$A$501,A2)) -> 1
A3: =Pracownicy!A3 -> E-002 | B3: =Pracownicy!B3 -> Albert Giza | C3: =Pracownicy!C3 -> R&D | D3: =Pracownicy!D3 -> Lider projektu / Architekt | E3: =IF(A3="","",SUMIF(Wyniki!$A$2:$A$501,A3,Wyniki!$O$2:$O$501)) -> 1315.78 | F3: =IF(A3="","",COUNTIF(Wyniki!$A$2:$A$501,A3)) -> 1
A4: =Pracownicy!A4 -> E-003 | B4: =Pracownicy!B4 -> Jan Kochanowski | C4: =Pracownicy!C4 -> R&D | D4: =Pracownicy!D4 -> Senior | E4: =IF(A4="","",SUMIF(Wyniki!$A$2:$A$501,A4,Wyniki!$O$2:$O$501)) -> 631.57 | F4: =IF(A4="","",COUNTIF(Wyniki!$A$2:$A$501,A4)) -> 1
A5: =Pracownicy!A5 -> 0 | B5: =Pracownicy!B5 -> 0 | C5: =Pracownicy!C5 -> 0 | D5: =Pracownicy!D5 -> 0 | E5: =IF(A5="","",SUMIF(Wyniki!$A$2:$A$501,A5,Wyniki!$O$2:$O$501)) -> 0 | F5: =IF(A5="","",COUNTIF(Wyniki!$A$2:$A$501,A5)) -> 0
A6: =Pracownicy!A6 -> 0 | B6: =Pracownicy!B6 -> 0 | C6: =Pracownicy!C6 -> 0 | D6: =Pracownicy!D6 -> 0 | E6: =IF(A6="","",SUMIF(Wyniki!$A$2:$A$501,A6,Wyniki!$O$2:$O$501)) -> 0 | F6: =IF(A6="","",COUNTIF(Wyniki!$A$2:$A$501,A6)) -> 0
A7: =Pracownicy!A7 -> 0 | B7: =Pracownicy!B7 -> 0 | C7: =Pracownicy!C7 -> 0 | D7: =Pracownicy!D7 -> 0 | E7: =IF(A7="","",SUMIF(Wyniki!$A$2:$A$501,A7,Wyniki!$O$2:$O$501)) -> 0 | F7: =IF(A7="","",COUNTIF(Wyniki!$A$2:$A$501,A7)) -> 0
A8: =Pracownicy!A8 -> 0 | B8: =Pracownicy!B8 -> 0 | C8: =Pracownicy!C8 -> 0 | D8: =Pracownicy!D8 -> 0 | E8: =IF(A8="","",SUMIF(Wyniki!$A$2:$A$501,A8,Wyniki!$O$2:$O$501)) -> 0 | F8: =IF(A8="","",COUNTIF(Wyniki!$A$2:$A$501,A8)) -> 0
A9: =Pracownicy!A9 -> 0 | B9: =Pracownicy!B9 -> 0 | C9: =Pracownicy!C9 -> 0 | D9: =Pracownicy!D9 -> 0 | E9: =IF(A9="","",SUMIF(Wyniki!$A$2:$A$501,A9,Wyniki!$O$2:$O$501)) -> 0 | F9: =IF(A9="","",COUNTIF(Wyniki!$A$2:$A$501,A9)) -> 0
A10: =Pracownicy!A10 -> 0 | B10: =Pracownicy!B10 -> 0 | C10: =Pracownicy!C10 -> 0 | D10: =Pracownicy!D10 -> 0 | E10: =IF(A10="","",SUMIF(Wyniki!$A$2:$A$501,A10,Wyniki!$O$2:$O$501)) -> 0 | F10: =IF(A10="","",COUNTIF(Wyniki!$A$2:$A$501,A10)) -> 0
A11: =Pracownicy!A11 -> 0 | B11: =Pracownicy!B11 -> 0 | C11: =Pracownicy!C11 -> 0 | D11: =Pracownicy!D11 -> 0 | E11: =IF(A11="","",SUMIF(Wyniki!$A$2:$A$501,A11,Wyniki!$O$2:$O$501)) -> 0 | F11: =IF(A11="","",COUNTIF(Wyniki!$A$2:$A$501,A11)) -> 0
A12: =Pracownicy!A12 -> 0 | B12: =Pracownicy!B12 -> 0 | C12: =Pracownicy!C12 -> 0 | D12: =Pracownicy!D12 -> 0 | E12: =IF(A12="","",SUMIF(Wyniki!$A$2:$A$501,A12,Wyniki!$O$2:$O$501)) -> 0 | F12: =IF(A12="","",COUNTIF(Wyniki!$A$2:$A$501,A12)) -> 0
A13: =Pracownicy!A13 -> 0 | B13: =Pracownicy!B13 -> 0 | C13: =Pracownicy!C13 -> 0 | D13: =Pracownicy!D13 -> 0 | E13: =IF(A13="","",SUMIF(Wyniki!$A$2:$A$501,A13,Wyniki!$O$2:$O$501)) -> 0 | F13: =IF(A13="","",COUNTIF(Wyniki!$A$2:$A$501,A13)) -> 0
... A501: =Pracownicy!A501 -> 0 | B501: =Pracownicy!B501 -> 0 | C501: =Pracownicy!C501 -> 0 | D501: =Pracownicy!D501 -> 0 | E501: =IF(A501="","",SUMIF(Wyniki!$A$2:$A$501,A501,Wyniki!$O$2:$O$501)) -> 0 | F501: =IF(A501="","",COUNTIF(Wyniki!$A$2:$A$501,A501)) -> 0
